{
  "anchors": [
    10,
    13,
    16,
    30,
    33,
    23,
    30,
    61,
    62,
    45,
    59,
    119,
    116,
    90,
    156,
    198,
    373,
    326
  ],
  "inputs": {
    "input0": [
      224,
      224,
      3
    ]
  },
  "outputs": {
    "output0": [
      28,
      28,
      39
    ],
    "output1": [
      14,
      14,
      39
    ],
    "output2": [
      7,
      7,
      39
    ]
  },
  "params_quantity": 7041205,
  "loss": [
    [
      1,
      3.74822
    ],
    [
      2,
      1.89992
    ],
    [
      3,
      1.3764
    ],
    [
      4,
      1.19746
    ],
    [
      5,
      1.10816
    ],
    [
      6,
      1.05494
    ],
    [
      7,
      1.01438
    ],
    [
      8,
      0.97623
    ],
    [
      9,
      0.9465
    ],
    [
      10,
      0.91371
    ],
    [
      11,
      0.89394
    ],
    [
      12,
      0.86818
    ],
    [
      13,
      0.84691
    ],
    [
      14,
      0.82617
    ],
    [
      15,
      0.80646
    ],
    [
      16,
      0.78807
    ],
    [
      17,
      0.76506
    ],
    [
      18,
      0.75131
    ],
    [
      19,
      0.7329
    ],
    [
      20,
      0.71977
    ],
    [
      21,
      0.69679
    ],
    [
      22,
      0.68211
    ],
    [
      23,
      0.66662
    ],
    [
      24,
      0.65243
    ],
    [
      25,
      0.63874
    ],
    [
      26,
      0.62663
    ],
    [
      27,
      0.6101
    ],
    [
      28,
      0.60189
    ],
    [
      29,
      0.58936
    ],
    [
      30,
      0.57642
    ],
    [
      31,
      0.56618
    ],
    [
      32,
      0.55791
    ],
    [
      33,
      0.5472
    ],
    [
      34,
      0.53681
    ],
    [
      35,
      0.52851
    ],
    [
      36,
      0.52138
    ],
    [
      37,
      0.51582
    ],
    [
      38,
      0.51196
    ],
    [
      39,
      0.49722
    ],
    [
      40,
      0.49229
    ],
    [
      41,
      0.48962
    ],
    [
      42,
      0.47934
    ],
    [
      43,
      0.47243
    ],
    [
      44,
      0.47206
    ],
    [
      45,
      0.45751
    ],
    [
      46,
      0.45346
    ],
    [
      47,
      0.45131
    ],
    [
      48,
      0.44483
    ],
    [
      49,
      0.44161
    ],
    [
      50,
      0.43573
    ],
    [
      51,
      0.42744
    ],
    [
      52,
      0.43257
    ],
    [
      53,
      0.4264
    ],
    [
      54,
      0.41859
    ],
    [
      55,
      0.41343
    ],
    [
      56,
      0.40399
    ],
    [
      57,
      0.40735
    ],
    [
      58,
      0.40673
    ],
    [
      59,
      0.39513
    ],
    [
      60,
      0.39303
    ],
    [
      61,
      0.3906
    ],
    [
      62,
      0.39617
    ],
    [
      63,
      0.38304
    ],
    [
      64,
      0.37823
    ],
    [
      65,
      0.38024
    ],
    [
      66,
      0.37879
    ],
    [
      67,
      0.37282
    ],
    [
      68,
      0.37004
    ],
    [
      69,
      0.3757
    ],
    [
      70,
      0.36845
    ],
    [
      71,
      0.35979
    ],
    [
      72,
      0.3611
    ],
    [
      73,
      0.36343
    ],
    [
      74,
      0.36127
    ],
    [
      75,
      0.35732
    ],
    [
      76,
      0.35309
    ],
    [
      77,
      0.35215
    ],
    [
      78,
      0.34794
    ],
    [
      79,
      0.34018
    ],
    [
      80,
      0.33681
    ],
    [
      81,
      0.34063
    ],
    [
      82,
      0.34069
    ],
    [
      83,
      0.33767
    ],
    [
      84,
      0.33889
    ],
    [
      85,
      0.33807
    ],
    [
      86,
      0.33385
    ],
    [
      87,
      0.33649
    ],
    [
      88,
      0.31926
    ],
    [
      89,
      0.3244
    ],
    [
      90,
      0.32175
    ],
    [
      91,
      0.32254
    ],
    [
      92,
      0.32378
    ],
    [
      93,
      0.3215
    ],
    [
      94,
      0.31693
    ],
    [
      95,
      0.31972
    ],
    [
      96,
      0.31022
    ],
    [
      97,
      0.31655
    ],
    [
      98,
      0.3146
    ],
    [
      99,
      0.30578
    ],
    [
      100,
      0.30617
    ]
  ],
  "loss_conf": [
    [
      1,
      0.01233
    ],
    [
      2,
      0.00911
    ],
    [
      3,
      0.00723
    ],
    [
      4,
      0.00646
    ],
    [
      5,
      0.00604
    ],
    [
      6,
      0.00577
    ],
    [
      7,
      0.00555
    ],
    [
      8,
      0.00537
    ],
    [
      9,
      0.00521
    ],
    [
      10,
      0.00506
    ],
    [
      11,
      0.00494
    ],
    [
      12,
      0.00482
    ],
    [
      13,
      0.00472
    ],
    [
      14,
      0.00461
    ],
    [
      15,
      0.00451
    ],
    [
      16,
      0.00441
    ],
    [
      17,
      0.00432
    ],
    [
      18,
      0.00423
    ],
    [
      19,
      0.00412
    ],
    [
      20,
      0.00404
    ],
    [
      21,
      0.00393
    ],
    [
      22,
      0.00385
    ],
    [
      23,
      0.00378
    ],
    [
      24,
      0.00368
    ],
    [
      25,
      0.00359
    ],
    [
      26,
      0.00352
    ],
    [
      27,
      0.00343
    ],
    [
      28,
      0.00334
    ],
    [
      29,
      0.00327
    ],
    [
      30,
      0.0032
    ],
    [
      31,
      0.00313
    ],
    [
      32,
      0.00306
    ],
    [
      33,
      0.003
    ],
    [
      34,
      0.00293
    ],
    [
      35,
      0.00285
    ],
    [
      36,
      0.00281
    ],
    [
      37,
      0.00275
    ],
    [
      38,
      0.00271
    ],
    [
      39,
      0.00265
    ],
    [
      40,
      0.0026
    ],
    [
      41,
      0.00255
    ],
    [
      42,
      0.00249
    ],
    [
      43,
      0.00246
    ],
    [
      44,
      0.00243
    ],
    [
      45,
      0.00238
    ],
    [
      46,
      0.00234
    ],
    [
      47,
      0.0023
    ],
    [
      48,
      0.00225
    ],
    [
      49,
      0.00223
    ],
    [
      50,
      0.00219
    ],
    [
      51,
      0.00216
    ],
    [
      52,
      0.00216
    ],
    [
      53,
      0.00212
    ],
    [
      54,
      0.00208
    ],
    [
      55,
      0.00205
    ],
    [
      56,
      0.00201
    ],
    [
      57,
      0.002
    ],
    [
      58,
      0.00199
    ],
    [
      59,
      0.00194
    ],
    [
      60,
      0.00193
    ],
    [
      61,
      0.0019
    ],
    [
      62,
      0.00191
    ],
    [
      63,
      0.00187
    ],
    [
      64,
      0.00184
    ],
    [
      65,
      0.00184
    ],
    [
      66,
      0.00183
    ],
    [
      67,
      0.00179
    ],
    [
      68,
      0.00178
    ],
    [
      69,
      0.00178
    ],
    [
      70,
      0.00176
    ],
    [
      71,
      0.00172
    ],
    [
      72,
      0.00173
    ],
    [
      73,
      0.00171
    ],
    [
      74,
      0.0017
    ],
    [
      75,
      0.00169
    ],
    [
      76,
      0.00168
    ],
    [
      77,
      0.00166
    ],
    [
      78,
      0.00164
    ],
    [
      79,
      0.00163
    ],
    [
      80,
      0.0016
    ],
    [
      81,
      0.00159
    ],
    [
      82,
      0.00161
    ],
    [
      83,
      0.00158
    ],
    [
      84,
      0.00158
    ],
    [
      85,
      0.00158
    ],
    [
      86,
      0.00155
    ],
    [
      87,
      0.00155
    ],
    [
      88,
      0.00152
    ],
    [
      89,
      0.00152
    ],
    [
      90,
      0.0015
    ],
    [
      91,
      0.0015
    ],
    [
      92,
      0.0015
    ],
    [
      93,
      0.00149
    ],
    [
      94,
      0.00148
    ],
    [
      95,
      0.00148
    ],
    [
      96,
      0.00144
    ],
    [
      97,
      0.00145
    ],
    [
      98,
      0.00144
    ],
    [
      99,
      0.00142
    ],
    [
      100,
      0.00141
    ]
  ],
  "loss_pos": [
    [
      1,
      0.05928
    ],
    [
      2,
      0.03167
    ],
    [
      3,
      0.0283
    ],
    [
      4,
      0.02664
    ],
    [
      5,
      0.02541
    ],
    [
      6,
      0.0246
    ],
    [
      7,
      0.0239
    ],
    [
      8,
      0.02313
    ],
    [
      9,
      0.02257
    ],
    [
      10,
      0.02182
    ],
    [
      11,
      0.02142
    ],
    [
      12,
      0.02082
    ],
    [
      13,
      0.02034
    ],
    [
      14,
      0.01983
    ],
    [
      15,
      0.01939
    ],
    [
      16,
      0.01894
    ],
    [
      17,
      0.01835
    ],
    [
      18,
      0.01805
    ],
    [
      19,
      0.01762
    ],
    [
      20,
      0.01731
    ],
    [
      21,
      0.01671
    ],
    [
      22,
      0.01638
    ],
    [
      23,
      0.01598
    ],
    [
      24,
      0.01565
    ],
    [
      25,
      0.01533
    ],
    [
      26,
      0.01504
    ],
    [
      27,
      0.01464
    ],
    [
      28,
      0.01447
    ],
    [
      29,
      0.01415
    ],
    [
      30,
      0.01383
    ],
    [
      31,
      0.0136
    ],
    [
      32,
      0.0134
    ],
    [
      33,
      0.01316
    ],
    [
      34,
      0.0129
    ],
    [
      35,
      0.01273
    ],
    [
      36,
      0.01255
    ],
    [
      37,
      0.01246
    ],
    [
      38,
      0.01238
    ],
    [
      39,
      0.01199
    ],
    [
      40,
      0.01189
    ],
    [
      41,
      0.01187
    ],
    [
      42,
      0.0116
    ],
    [
      43,
      0.01143
    ],
    [
      44,
      0.01144
    ],
    [
      45,
      0.01105
    ],
    [
      46,
      0.01098
    ],
    [
      47,
      0.01095
    ],
    [
      48,
      0.0108
    ],
    [
      49,
      0.01074
    ],
    [
      50,
      0.0106
    ],
    [
      51,
      0.01038
    ],
    [
      52,
      0.01052
    ],
    [
      53,
      0.01039
    ],
    [
      54,
      0.01017
    ],
    [
      55,
      0.01007
    ],
    [
      56,
      0.00982
    ],
    [
      57,
      0.00993
    ],
    [
      58,
      0.00992
    ],
    [
      59,
      0.00963
    ],
    [
      60,
      0.00956
    ],
    [
      61,
      0.00953
    ],
    [
      62,
      0.00968
    ],
    [
      63,
      0.00933
    ],
    [
      64,
      0.00923
    ],
    [
      65,
      0.00928
    ],
    [
      66,
      0.00925
    ],
    [
      67,
      0.0091
    ],
    [
      68,
      0.00904
    ],
    [
      69,
      0.00921
    ],
    [
      70,
      0.00901
    ],
    [
      71,
      0.00879
    ],
    [
      72,
      0.00882
    ],
    [
      73,
      0.00891
    ],
    [
      74,
      0.00884
    ],
    [
      75,
      0.00874
    ],
    [
      76,
      0.00863
    ],
    [
      77,
      0.00862
    ],
    [
      78,
      0.00851
    ],
    [
      79,
      0.0083
    ],
    [
      80,
      0.00822
    ],
    [
      81,
      0.00834
    ],
    [
      82,
      0.00833
    ],
    [
      83,
      0.00827
    ],
    [
      84,
      0.00831
    ],
    [
      85,
      0.00829
    ],
    [
      86,
      0.00818
    ],
    [
      87,
      0.00826
    ],
    [
      88,
      0.00778
    ],
    [
      89,
      0.00794
    ],
    [
      90,
      0.00789
    ],
    [
      91,
      0.00791
    ],
    [
      92,
      0.00794
    ],
    [
      93,
      0.00788
    ],
    [
      94,
      0.00775
    ],
    [
      95,
      0.00785
    ],
    [
      96,
      0.00759
    ],
    [
      97,
      0.00778
    ],
    [
      98,
      0.00772
    ],
    [
      99,
      0.00748
    ],
    [
      100,
      0.00751
    ]
  ],
  "loss_class": [
    [
      1,
      0.04553
    ],
    [
      2,
      0.01859
    ],
    [
      3,
      0.00748
    ],
    [
      4,
      0.00431
    ],
    [
      5,
      0.00319
    ],
    [
      6,
      0.0026
    ],
    [
      7,
      0.00224
    ],
    [
      8,
      0.00201
    ],
    [
      9,
      0.0018
    ],
    [
      10,
      0.00167
    ],
    [
      11,
      0.00157
    ],
    [
      12,
      0.00149
    ],
    [
      13,
      0.0014
    ],
    [
      14,
      0.00137
    ],
    [
      15,
      0.00131
    ],
    [
      16,
      0.00128
    ],
    [
      17,
      0.00124
    ],
    [
      18,
      0.0012
    ],
    [
      19,
      0.00116
    ],
    [
      20,
      0.00114
    ],
    [
      21,
      0.00113
    ],
    [
      22,
      0.00108
    ],
    [
      23,
      0.00108
    ],
    [
      24,
      0.00106
    ],
    [
      25,
      0.00105
    ],
    [
      26,
      0.00102
    ],
    [
      27,
      0.001
    ],
    [
      28,
      0.001
    ],
    [
      29,
      0.00099
    ],
    [
      30,
      0.00098
    ],
    [
      31,
      0.00096
    ],
    [
      32,
      0.00097
    ],
    [
      33,
      0.00094
    ],
    [
      34,
      0.00094
    ],
    [
      35,
      0.00093
    ],
    [
      36,
      0.00093
    ],
    [
      37,
      0.00091
    ],
    [
      38,
      0.00092
    ],
    [
      39,
      0.0009
    ],
    [
      40,
      0.00089
    ],
    [
      41,
      0.00088
    ],
    [
      42,
      0.00089
    ],
    [
      43,
      0.00088
    ],
    [
      44,
      0.00088
    ],
    [
      45,
      0.00087
    ],
    [
      46,
      0.00086
    ],
    [
      47,
      0.00085
    ],
    [
      48,
      0.00085
    ],
    [
      49,
      0.00083
    ],
    [
      50,
      0.00083
    ],
    [
      51,
      0.00082
    ],
    [
      52,
      0.00084
    ],
    [
      53,
      0.00082
    ],
    [
      54,
      0.00083
    ],
    [
      55,
      0.0008
    ],
    [
      56,
      0.0008
    ],
    [
      57,
      0.0008
    ],
    [
      58,
      0.0008
    ],
    [
      59,
      0.00078
    ],
    [
      60,
      0.0008
    ],
    [
      61,
      0.00077
    ],
    [
      62,
      0.00079
    ],
    [
      63,
      0.00078
    ],
    [
      64,
      0.00075
    ],
    [
      65,
      0.00076
    ],
    [
      66,
      0.00076
    ],
    [
      67,
      0.00076
    ],
    [
      68,
      0.00074
    ],
    [
      69,
      0.00075
    ],
    [
      70,
      0.00075
    ],
    [
      71,
      0.00073
    ],
    [
      72,
      0.00074
    ],
    [
      73,
      0.00074
    ],
    [
      74,
      0.00074
    ],
    [
      75,
      0.00073
    ],
    [
      76,
      0.00073
    ],
    [
      77,
      0.00072
    ],
    [
      78,
      0.00072
    ],
    [
      79,
      0.00071
    ],
    [
      80,
      0.00071
    ],
    [
      81,
      0.00071
    ],
    [
      82,
      0.00071
    ],
    [
      83,
      0.0007
    ],
    [
      84,
      0.0007
    ],
    [
      85,
      0.0007
    ],
    [
      86,
      0.0007
    ],
    [
      87,
      0.0007
    ],
    [
      88,
      0.00068
    ],
    [
      89,
      0.00068
    ],
    [
      90,
      0.00067
    ],
    [
      91,
      0.00067
    ],
    [
      92,
      0.00068
    ],
    [
      93,
      0.00068
    ],
    [
      94,
      0.00067
    ],
    [
      95,
      0.00067
    ],
    [
      96,
      0.00066
    ],
    [
      97,
      0.00067
    ],
    [
      98,
      0.00067
    ],
    [
      99,
      0.00065
    ],
    [
      100,
      0.00065
    ]
  ],
  "lr": [
    [
      1,
      0.001
    ],
    [
      2,
      0.00098
    ],
    [
      3,
      0.00095
    ],
    [
      4,
      0.00093
    ],
    [
      5,
      0.00091
    ],
    [
      6,
      0.00089
    ],
    [
      7,
      0.00087
    ],
    [
      8,
      0.00085
    ],
    [
      9,
      0.00083
    ],
    [
      10,
      0.00081
    ],
    [
      11,
      0.00079
    ],
    [
      12,
      0.00078
    ],
    [
      13,
      0.00076
    ],
    [
      14,
      0.00074
    ],
    [
      15,
      0.00072
    ],
    [
      16,
      0.00071
    ],
    [
      17,
      0.00069
    ],
    [
      18,
      0.00068
    ],
    [
      19,
      0.00066
    ],
    [
      20,
      0.00065
    ],
    [
      21,
      0.00063
    ],
    [
      22,
      0.00062
    ],
    [
      23,
      0.0006
    ],
    [
      24,
      0.00059
    ],
    [
      25,
      0.00058
    ],
    [
      26,
      0.00056
    ],
    [
      27,
      0.00055
    ],
    [
      28,
      0.00054
    ],
    [
      29,
      0.00052
    ],
    [
      30,
      0.00051
    ],
    [
      31,
      0.0005
    ],
    [
      32,
      0.00049
    ],
    [
      33,
      0.00048
    ],
    [
      34,
      0.00047
    ],
    [
      35,
      0.00046
    ],
    [
      36,
      0.00045
    ],
    [
      37,
      0.00044
    ],
    [
      38,
      0.00043
    ],
    [
      39,
      0.00042
    ],
    [
      40,
      0.00041
    ],
    [
      41,
      0.0004
    ],
    [
      42,
      0.00039
    ],
    [
      43,
      0.00038
    ],
    [
      44,
      0.00037
    ],
    [
      45,
      0.00036
    ],
    [
      46,
      0.00035
    ],
    [
      47,
      0.00035
    ],
    [
      48,
      0.00034
    ],
    [
      49,
      0.00033
    ],
    [
      50,
      0.00032
    ],
    [
      51,
      0.00032
    ],
    [
      52,
      0.00031
    ],
    [
      53,
      0.0003
    ],
    [
      54,
      0.0003
    ],
    [
      55,
      0.00029
    ],
    [
      56,
      0.00028
    ],
    [
      57,
      0.00028
    ],
    [
      58,
      0.00027
    ],
    [
      59,
      0.00026
    ],
    [
      60,
      0.00026
    ],
    [
      61,
      0.00025
    ],
    [
      62,
      0.00025
    ],
    [
      63,
      0.00024
    ],
    [
      64,
      0.00023
    ],
    [
      65,
      0.00023
    ],
    [
      66,
      0.00022
    ],
    [
      67,
      0.00022
    ],
    [
      68,
      0.00021
    ],
    [
      69,
      0.00021
    ],
    [
      70,
      0.0002
    ],
    [
      71,
      0.0002
    ],
    [
      72,
      0.00019
    ],
    [
      73,
      0.00019
    ],
    [
      74,
      0.00019
    ],
    [
      75,
      0.00018
    ],
    [
      76,
      0.00018
    ],
    [
      77,
      0.00017
    ],
    [
      78,
      0.00017
    ],
    [
      79,
      0.00017
    ],
    [
      80,
      0.00016
    ],
    [
      81,
      0.00016
    ],
    [
      82,
      0.00015
    ],
    [
      83,
      0.00015
    ],
    [
      84,
      0.00015
    ],
    [
      85,
      0.00014
    ],
    [
      86,
      0.00014
    ],
    [
      87,
      0.00014
    ],
    [
      88,
      0.00013
    ],
    [
      89,
      0.00013
    ],
    [
      90,
      0.00013
    ],
    [
      91,
      0.00013
    ],
    [
      92,
      0.00012
    ],
    [
      93,
      0.00012
    ],
    [
      94,
      0.00012
    ],
    [
      95,
      0.00011
    ],
    [
      96,
      0.00011
    ],
    [
      97,
      0.00011
    ],
    [
      98,
      0.00011
    ],
    [
      99,
      0.0001
    ],
    [
      100,
      0.0001
    ]
  ],
  "val_acc": [
    [
      10,
      0.97827
    ],
    [
      20,
      0.9811
    ],
    [
      30,
      0.9811
    ],
    [
      40,
      0.96837
    ],
    [
      50,
      0.9811
    ],
    [
      60,
      0.96837
    ],
    [
      70,
      0.96837
    ],
    [
      80,
      0.96837
    ],
    [
      90,
      0.96837
    ],
    [
      100,
      0.96837
    ]
  ],
  "val_acc_8": [
    [
      10,
      0.99327
    ],
    [
      20,
      0.99327
    ],
    [
      30,
      0.99327
    ],
    [
      40,
      0.99327
    ],
    [
      50,
      0.99327
    ],
    [
      60,
      0.99327
    ],
    [
      70,
      0.99327
    ],
    [
      80,
      0.99327
    ],
    [
      90,
      0.99327
    ],
    [
      100,
      0.99327
    ]
  ],
  "val_acc_2": [
    [
      10,
      1.0
    ],
    [
      20,
      1.0
    ],
    [
      30,
      1.0
    ],
    [
      40,
      1.0
    ],
    [
      50,
      1.0
    ],
    [
      60,
      1.0
    ],
    [
      70,
      1.0
    ],
    [
      80,
      1.0
    ],
    [
      90,
      1.0
    ],
    [
      100,
      1.0
    ]
  ],
  "val_acc_1": [
    [
      10,
      1.0
    ],
    [
      20,
      1.0
    ],
    [
      30,
      1.0
    ],
    [
      40,
      1.0
    ],
    [
      50,
      1.0
    ],
    [
      60,
      1.0
    ],
    [
      70,
      1.0
    ],
    [
      80,
      1.0
    ],
    [
      90,
      1.0
    ],
    [
      100,
      1.0
    ]
  ],
  "val_acc_3": [
    [
      10,
      1.0
    ],
    [
      20,
      1.0
    ],
    [
      30,
      1.0
    ],
    [
      40,
      1.0
    ],
    [
      50,
      1.0
    ],
    [
      60,
      1.0
    ],
    [
      70,
      1.0
    ],
    [
      80,
      1.0
    ],
    [
      90,
      1.0
    ],
    [
      100,
      1.0
    ]
  ],
  "val_acc_4": [
    [
      10,
      1.0
    ],
    [
      20,
      1.0
    ],
    [
      30,
      1.0
    ],
    [
      40,
      0.89818
    ],
    [
      50,
      1.0
    ],
    [
      60,
      0.89818
    ],
    [
      70,
      0.89818
    ],
    [
      80,
      0.89818
    ],
    [
      90,
      0.89818
    ],
    [
      100,
      0.89818
    ]
  ],
  "val_acc_5": [
    [
      10,
      1.0
    ],
    [
      20,
      1.0
    ],
    [
      30,
      1.0
    ],
    [
      40,
      1.0
    ],
    [
      50,
      1.0
    ],
    [
      60,
      1.0
    ],
    [
      70,
      1.0
    ],
    [
      80,
      1.0
    ],
    [
      90,
      1.0
    ],
    [
      100,
      1.0
    ]
  ],
  "val_acc_7": [
    [
      10,
      0.88
    ],
    [
      20,
      0.88
    ],
    [
      30,
      0.88
    ],
    [
      40,
      0.88
    ],
    [
      50,
      0.88
    ],
    [
      60,
      0.88
    ],
    [
      70,
      0.88
    ],
    [
      80,
      0.88
    ],
    [
      90,
      0.88
    ],
    [
      100,
      0.88
    ]
  ],
  "val_acc_6": [
    [
      10,
      0.95286
    ],
    [
      20,
      0.97552
    ],
    [
      30,
      0.97552
    ],
    [
      40,
      0.97552
    ],
    [
      50,
      0.97552
    ],
    [
      60,
      0.97552
    ],
    [
      70,
      0.97552
    ],
    [
      80,
      0.97552
    ],
    [
      90,
      0.97552
    ],
    [
      100,
      0.97552
    ]
  ],
  "mean": 0,
  "std": 255,
  "label_type": "detection",
  "data_type": "image",
  "labels": [
    "8",
    "2",
    "1",
    "3",
    "4",
    "5",
    "7",
    "6"
  ],
  "best_eval": {
    "epoch": 50,
    "val_acc": 0.981,
    "val_info": [
      {
        "name": "d6ed73545af64dc2a4d844bb08da715f.jpg",
        "nickname": "2379.jpg",
        "pred": [
          [
            112,
            94,
            160,
            174,
            0.9172153472900391,
            0.0
          ],
          [
            1,
            99,
            59,
            197,
            0.9427469372749329,
            7.0
          ]
        ],
        "gt": [
          [
            111,
            97,
            161,
            177,
            1.0,
            0.0
          ],
          [
            1,
            98,
            57,
            190,
            1.0,
            7.0
          ]
        ],
        "ok": true
      },
      {
        "name": "ce3147e70e9a4d48bf962c15213505c5.jpg",
        "nickname": "1631.jpg",
        "pred": [
          [
            40,
            104,
            86,
            177,
            0.8625010251998901,
            6.0
          ],
          [
            173,
            112,
            219,
            191,
            0.8288013935089111,
            7.0
          ]
        ],
        "gt": [
          [
            36,
            108,
            91,
            181,
            1.0,
            6.0
          ],
          [
            174,
            112,
            219,
            190,
            1.0,
            7.0
          ]
        ],
        "ok": true
      },
      {
        "name": "cb8878681e0648699b5854552d23b617.jpg",
        "nickname": "2326.jpg",
        "pred": [
          [
            124,
            54,
            190,
            160,
            0.9512953758239746,
            0.0
          ],
          [
            4,
            56,
            55,
            164,
            0.6734508275985718,
            7.0
          ]
        ],
        "gt": [
          [
            120,
            49,
            188,
            160,
            1.0,
            0.0
          ]
        ],
        "ok": false
      },
      {
        "name": "29e1d7f33df7488fb4e8230bc092b20c.jpg",
        "nickname": "2235.jpg",
        "pred": [
          [
            174,
            62,
            224,
            183,
            0.799715518951416,
            0.0
          ],
          [
            47,
            71,
            115,
            175,
            0.9437491297721863,
            7.0
          ]
        ],
        "gt": [
          [
            46,
            75,
            116,
            179,
            1.0,
            7.0
          ]
        ],
        "ok": false
      },
      {
        "name": "c4d0f1b74902455196f7797c1b2afcfb.jpg",
        "nickname": "0293.jpg",
        "pred": [
          [
            112,
            64,
            203,
            194,
            0.8848002552986145,
            1.0
          ]
        ],
        "gt": [
          [
            115,
            62,
            205,
            201,
            1.0,
            1.0
          ]
        ],
        "ok": true
      },
      {
        "name": "92ad098a1e204465988ac899fec111e2.jpg",
        "nickname": "0533.jpg",
        "pred": [
          [
            81,
            57,
            138,
            152,
            0.9104635715484619,
            2.0
          ]
        ],
        "gt": [
          [
            74,
            57,
            136,
            159,
            1.0,
            2.0
          ]
        ],
        "ok": true
      },
      {
        "name": "4f422dd01d9c4491bb13b5c965f55b20.jpg",
        "nickname": "1462.jpg",
        "pred": [
          [
            70,
            51,
            151,
            170,
            0.9515523314476013,
            5.0
          ]
        ],
        "gt": [
          [
            68,
            57,
            146,
            167,
            1.0,
            5.0
          ]
        ],
        "ok": true
      },
      {
        "name": "0003b7df2cd54d1db75e42854acf1319.jpg",
        "nickname": "0688.jpg",
        "pred": [
          [
            71,
            51,
            136,
            148,
            0.9510364532470703,
            3.0
          ]
        ],
        "gt": [
          [
            72,
            52,
            136,
            145,
            1.0,
            3.0
          ]
        ],
        "ok": true
      },
      {
        "name": "eb44526b435743e8a4560d20e2958ff6.jpg",
        "nickname": "1266.jpg",
        "pred": [
          [
            83,
            51,
            155,
            164,
            0.9196664094924927,
            4.0
          ]
        ],
        "gt": [
          [
            79,
            56,
            159,
            153,
            1.0,
            4.0
          ]
        ],
        "ok": true
      },
      {
        "name": "1e8056cd61274db5ba1f79c63e08e3d5.jpg",
        "nickname": "1767.jpg",
        "pred": [
          [
            80,
            52,
            137,
            134,
            0.8562012910842896,
            6.0
          ]
        ],
        "gt": [
          [
            68,
            60,
            102,
            139,
            1.0,
            6.0
          ]
        ],
        "ok": false
      }
    ]
  }
}