{
  "anchors": [
    10,
    13,
    16,
    30,
    33,
    23,
    30,
    61,
    62,
    45,
    59,
    119,
    116,
    90,
    156,
    198,
    373,
    326
  ],
  "inputs": {
    "input0": [
      224,
      224,
      3
    ]
  },
  "outputs": {
    "output0": [
      28,
      28,
      39
    ],
    "output1": [
      14,
      14,
      39
    ],
    "output2": [
      7,
      7,
      39
    ]
  },
  "params_quantity": 7041205,
  "loss": [
    [
      1,
      5.15775
    ],
    [
      2,
      3.74859
    ],
    [
      3,
      3.11646
    ],
    [
      4,
      2.78512
    ],
    [
      5,
      2.53109
    ],
    [
      6,
      2.31296
    ],
    [
      7,
      2.08755
    ],
    [
      8,
      1.91125
    ],
    [
      9,
      1.75557
    ],
    [
      10,
      1.64043
    ],
    [
      11,
      1.54898
    ],
    [
      12,
      1.48154
    ],
    [
      13,
      1.42459
    ],
    [
      14,
      1.36566
    ],
    [
      15,
      1.33096
    ],
    [
      16,
      1.29686
    ],
    [
      17,
      1.26386
    ],
    [
      18,
      1.25174
    ],
    [
      19,
      1.23046
    ],
    [
      20,
      1.20472
    ],
    [
      21,
      1.18234
    ],
    [
      22,
      1.17692
    ],
    [
      23,
      1.1497
    ],
    [
      24,
      1.13376
    ],
    [
      25,
      1.11766
    ],
    [
      26,
      1.10915
    ],
    [
      27,
      1.10251
    ],
    [
      28,
      1.08692
    ],
    [
      29,
      1.07524
    ],
    [
      30,
      1.0575
    ],
    [
      31,
      1.05663
    ],
    [
      32,
      1.0443
    ],
    [
      33,
      1.02792
    ],
    [
      34,
      1.02592
    ],
    [
      35,
      1.01011
    ],
    [
      36,
      1.02238
    ],
    [
      37,
      0.99101
    ],
    [
      38,
      1.0076
    ],
    [
      39,
      0.99325
    ],
    [
      40,
      0.96388
    ],
    [
      41,
      0.96635
    ],
    [
      42,
      0.96286
    ],
    [
      43,
      0.96176
    ],
    [
      44,
      0.95962
    ],
    [
      45,
      0.94175
    ],
    [
      46,
      0.94115
    ],
    [
      47,
      0.9408
    ],
    [
      48,
      0.93277
    ],
    [
      49,
      0.91351
    ],
    [
      50,
      0.90519
    ],
    [
      51,
      0.90502
    ],
    [
      52,
      0.90185
    ],
    [
      53,
      0.89235
    ],
    [
      54,
      0.8969
    ],
    [
      55,
      0.8932
    ],
    [
      56,
      0.88643
    ],
    [
      57,
      0.88343
    ],
    [
      58,
      0.87521
    ],
    [
      59,
      0.87532
    ],
    [
      60,
      0.86603
    ],
    [
      61,
      0.86429
    ],
    [
      62,
      0.86505
    ],
    [
      63,
      0.85311
    ],
    [
      64,
      0.84854
    ],
    [
      65,
      0.8396
    ],
    [
      66,
      0.84514
    ],
    [
      67,
      0.83265
    ],
    [
      68,
      0.82642
    ],
    [
      69,
      0.82978
    ],
    [
      70,
      0.81896
    ],
    [
      71,
      0.81658
    ],
    [
      72,
      0.81094
    ],
    [
      73,
      0.81791
    ],
    [
      74,
      0.81578
    ],
    [
      75,
      0.79855
    ],
    [
      76,
      0.80007
    ],
    [
      77,
      0.80198
    ],
    [
      78,
      0.79747
    ],
    [
      79,
      0.78767
    ],
    [
      80,
      0.79133
    ],
    [
      81,
      0.7862
    ],
    [
      82,
      0.78662
    ],
    [
      83,
      0.78419
    ],
    [
      84,
      0.78044
    ],
    [
      85,
      0.76941
    ],
    [
      86,
      0.77014
    ],
    [
      87,
      0.75966
    ],
    [
      88,
      0.76644
    ],
    [
      89,
      0.75817
    ],
    [
      90,
      0.76271
    ],
    [
      91,
      0.75739
    ],
    [
      92,
      0.76134
    ],
    [
      93,
      0.75724
    ],
    [
      94,
      0.75878
    ],
    [
      95,
      0.75814
    ],
    [
      96,
      0.74494
    ],
    [
      97,
      0.73777
    ],
    [
      98,
      0.74496
    ],
    [
      99,
      0.73937
    ],
    [
      100,
      0.73516
    ]
  ],
  "loss_conf": [
    [
      1,
      0.01714
    ],
    [
      2,
      0.0179
    ],
    [
      3,
      0.01335
    ],
    [
      4,
      0.01164
    ],
    [
      5,
      0.01055
    ],
    [
      6,
      0.00992
    ],
    [
      7,
      0.00945
    ],
    [
      8,
      0.0091
    ],
    [
      9,
      0.00884
    ],
    [
      10,
      0.00857
    ],
    [
      11,
      0.00836
    ],
    [
      12,
      0.00822
    ],
    [
      13,
      0.00803
    ],
    [
      14,
      0.00789
    ],
    [
      15,
      0.00777
    ],
    [
      16,
      0.00765
    ],
    [
      17,
      0.00753
    ],
    [
      18,
      0.00747
    ],
    [
      19,
      0.00738
    ],
    [
      20,
      0.00731
    ],
    [
      21,
      0.00722
    ],
    [
      22,
      0.00717
    ],
    [
      23,
      0.00708
    ],
    [
      24,
      0.00701
    ],
    [
      25,
      0.00694
    ],
    [
      26,
      0.00689
    ],
    [
      27,
      0.00684
    ],
    [
      28,
      0.00678
    ],
    [
      29,
      0.00671
    ],
    [
      30,
      0.00665
    ],
    [
      31,
      0.00664
    ],
    [
      32,
      0.0066
    ],
    [
      33,
      0.00652
    ],
    [
      34,
      0.00649
    ],
    [
      35,
      0.00643
    ],
    [
      36,
      0.00644
    ],
    [
      37,
      0.00633
    ],
    [
      38,
      0.00636
    ],
    [
      39,
      0.00631
    ],
    [
      40,
      0.0062
    ],
    [
      41,
      0.00618
    ],
    [
      42,
      0.00616
    ],
    [
      43,
      0.00614
    ],
    [
      44,
      0.00612
    ],
    [
      45,
      0.00606
    ],
    [
      46,
      0.00603
    ],
    [
      47,
      0.00598
    ],
    [
      48,
      0.00595
    ],
    [
      49,
      0.0059
    ],
    [
      50,
      0.00586
    ],
    [
      51,
      0.00584
    ],
    [
      52,
      0.00579
    ],
    [
      53,
      0.00576
    ],
    [
      54,
      0.00576
    ],
    [
      55,
      0.00574
    ],
    [
      56,
      0.00568
    ],
    [
      57,
      0.00566
    ],
    [
      58,
      0.00563
    ],
    [
      59,
      0.0056
    ],
    [
      60,
      0.00556
    ],
    [
      61,
      0.00555
    ],
    [
      62,
      0.00552
    ],
    [
      63,
      0.00548
    ],
    [
      64,
      0.00545
    ],
    [
      65,
      0.00543
    ],
    [
      66,
      0.00542
    ],
    [
      67,
      0.00537
    ],
    [
      68,
      0.00534
    ],
    [
      69,
      0.00533
    ],
    [
      70,
      0.0053
    ],
    [
      71,
      0.00527
    ],
    [
      72,
      0.00524
    ],
    [
      73,
      0.00523
    ],
    [
      74,
      0.00523
    ],
    [
      75,
      0.00516
    ],
    [
      76,
      0.00516
    ],
    [
      77,
      0.00516
    ],
    [
      78,
      0.00511
    ],
    [
      79,
      0.00509
    ],
    [
      80,
      0.00508
    ],
    [
      81,
      0.00506
    ],
    [
      82,
      0.00505
    ],
    [
      83,
      0.00503
    ],
    [
      84,
      0.005
    ],
    [
      85,
      0.00498
    ],
    [
      86,
      0.00496
    ],
    [
      87,
      0.00491
    ],
    [
      88,
      0.00492
    ],
    [
      89,
      0.00488
    ],
    [
      90,
      0.00489
    ],
    [
      91,
      0.00487
    ],
    [
      92,
      0.00486
    ],
    [
      93,
      0.00485
    ],
    [
      94,
      0.00484
    ],
    [
      95,
      0.00484
    ],
    [
      96,
      0.00482
    ],
    [
      97,
      0.00476
    ],
    [
      98,
      0.00477
    ],
    [
      99,
      0.00475
    ],
    [
      100,
      0.00473
    ]
  ],
  "loss_pos": [
    [
      1,
      0.08694
    ],
    [
      2,
      0.04894
    ],
    [
      3,
      0.03787
    ],
    [
      4,
      0.03414
    ],
    [
      5,
      0.03251
    ],
    [
      6,
      0.03183
    ],
    [
      7,
      0.03068
    ],
    [
      8,
      0.03035
    ],
    [
      9,
      0.0299
    ],
    [
      10,
      0.02959
    ],
    [
      11,
      0.02923
    ],
    [
      12,
      0.02881
    ],
    [
      13,
      0.02833
    ],
    [
      14,
      0.02763
    ],
    [
      15,
      0.02732
    ],
    [
      16,
      0.02696
    ],
    [
      17,
      0.02652
    ],
    [
      18,
      0.02655
    ],
    [
      19,
      0.02625
    ],
    [
      20,
      0.02578
    ],
    [
      21,
      0.02545
    ],
    [
      22,
      0.02552
    ],
    [
      23,
      0.02489
    ],
    [
      24,
      0.02465
    ],
    [
      25,
      0.02436
    ],
    [
      26,
      0.02429
    ],
    [
      27,
      0.0242
    ],
    [
      28,
      0.02388
    ],
    [
      29,
      0.02373
    ],
    [
      30,
      0.02325
    ],
    [
      31,
      0.02337
    ],
    [
      32,
      0.02309
    ],
    [
      33,
      0.02276
    ],
    [
      34,
      0.02279
    ],
    [
      35,
      0.02242
    ],
    [
      36,
      0.02282
    ],
    [
      37,
      0.02205
    ],
    [
      38,
      0.02254
    ],
    [
      39,
      0.02217
    ],
    [
      40,
      0.02148
    ],
    [
      41,
      0.02163
    ],
    [
      42,
      0.02155
    ],
    [
      43,
      0.02155
    ],
    [
      44,
      0.02155
    ],
    [
      45,
      0.02109
    ],
    [
      46,
      0.02112
    ],
    [
      47,
      0.02121
    ],
    [
      48,
      0.021
    ],
    [
      49,
      0.0205
    ],
    [
      50,
      0.0203
    ],
    [
      51,
      0.02038
    ],
    [
      52,
      0.02029
    ],
    [
      53,
      0.02007
    ],
    [
      54,
      0.0202
    ],
    [
      55,
      0.02015
    ],
    [
      56,
      0.02004
    ],
    [
      57,
      0.01997
    ],
    [
      58,
      0.01977
    ],
    [
      59,
      0.01981
    ],
    [
      60,
      0.01956
    ],
    [
      61,
      0.01955
    ],
    [
      62,
      0.01963
    ],
    [
      63,
      0.01934
    ],
    [
      64,
      0.01923
    ],
    [
      65,
      0.019
    ],
    [
      66,
      0.0192
    ],
    [
      67,
      0.01886
    ],
    [
      68,
      0.01872
    ],
    [
      69,
      0.01886
    ],
    [
      70,
      0.01855
    ],
    [
      71,
      0.01855
    ],
    [
      72,
      0.01841
    ],
    [
      73,
      0.01861
    ],
    [
      74,
      0.01855
    ],
    [
      75,
      0.0181
    ],
    [
      76,
      0.01817
    ],
    [
      77,
      0.01823
    ],
    [
      78,
      0.01819
    ],
    [
      79,
      0.01791
    ],
    [
      80,
      0.01802
    ],
    [
      81,
      0.01791
    ],
    [
      82,
      0.0179
    ],
    [
      83,
      0.01788
    ],
    [
      84,
      0.01779
    ],
    [
      85,
      0.01751
    ],
    [
      86,
      0.01756
    ],
    [
      87,
      0.0173
    ],
    [
      88,
      0.01745
    ],
    [
      89,
      0.01726
    ],
    [
      90,
      0.01742
    ],
    [
      91,
      0.01726
    ],
    [
      92,
      0.01743
    ],
    [
      93,
      0.01731
    ],
    [
      94,
      0.01739
    ],
    [
      95,
      0.01734
    ],
    [
      96,
      0.01698
    ],
    [
      97,
      0.01682
    ],
    [
      98,
      0.01705
    ],
    [
      99,
      0.01689
    ],
    [
      100,
      0.01678
    ]
  ],
  "loss_class": [
    [
      1,
      0.05738
    ],
    [
      2,
      0.05054
    ],
    [
      3,
      0.04639
    ],
    [
      4,
      0.04144
    ],
    [
      5,
      0.03621
    ],
    [
      6,
      0.03068
    ],
    [
      7,
      0.02524
    ],
    [
      8,
      0.0204
    ],
    [
      9,
      0.01626
    ],
    [
      10,
      0.01321
    ],
    [
      11,
      0.01093
    ],
    [
      12,
      0.00937
    ],
    [
      13,
      0.00825
    ],
    [
      14,
      0.00726
    ],
    [
      15,
      0.00659
    ],
    [
      16,
      0.00601
    ],
    [
      17,
      0.00553
    ],
    [
      18,
      0.00518
    ],
    [
      19,
      0.0049
    ],
    [
      20,
      0.00465
    ],
    [
      21,
      0.00436
    ],
    [
      22,
      0.00417
    ],
    [
      23,
      0.00405
    ],
    [
      24,
      0.00385
    ],
    [
      25,
      0.0037
    ],
    [
      26,
      0.00355
    ],
    [
      27,
      0.00347
    ],
    [
      28,
      0.00337
    ],
    [
      29,
      0.00324
    ],
    [
      30,
      0.00322
    ],
    [
      31,
      0.00308
    ],
    [
      32,
      0.00302
    ],
    [
      33,
      0.00291
    ],
    [
      34,
      0.00284
    ],
    [
      35,
      0.00278
    ],
    [
      36,
      0.00274
    ],
    [
      37,
      0.00265
    ],
    [
      38,
      0.00266
    ],
    [
      39,
      0.00262
    ],
    [
      40,
      0.0025
    ],
    [
      41,
      0.00246
    ],
    [
      42,
      0.00245
    ],
    [
      43,
      0.00242
    ],
    [
      44,
      0.00239
    ],
    [
      45,
      0.00234
    ],
    [
      46,
      0.00233
    ],
    [
      47,
      0.00228
    ],
    [
      48,
      0.00227
    ],
    [
      49,
      0.0022
    ],
    [
      50,
      0.00219
    ],
    [
      51,
      0.00213
    ],
    [
      52,
      0.00216
    ],
    [
      53,
      0.00212
    ],
    [
      54,
      0.00213
    ],
    [
      55,
      0.00208
    ],
    [
      56,
      0.00204
    ],
    [
      57,
      0.00203
    ],
    [
      58,
      0.00201
    ],
    [
      59,
      0.00199
    ],
    [
      60,
      0.002
    ],
    [
      61,
      0.00197
    ],
    [
      62,
      0.00195
    ],
    [
      63,
      0.0019
    ],
    [
      64,
      0.0019
    ],
    [
      65,
      0.00187
    ],
    [
      66,
      0.00186
    ],
    [
      67,
      0.00185
    ],
    [
      68,
      0.00182
    ],
    [
      69,
      0.0018
    ],
    [
      70,
      0.0018
    ],
    [
      71,
      0.00176
    ],
    [
      72,
      0.00176
    ],
    [
      73,
      0.00177
    ],
    [
      74,
      0.00177
    ],
    [
      75,
      0.00173
    ],
    [
      76,
      0.00172
    ],
    [
      77,
      0.00174
    ],
    [
      78,
      0.00168
    ],
    [
      79,
      0.00166
    ],
    [
      80,
      0.00168
    ],
    [
      81,
      0.00165
    ],
    [
      82,
      0.00168
    ],
    [
      83,
      0.00165
    ],
    [
      84,
      0.00165
    ],
    [
      85,
      0.00161
    ],
    [
      86,
      0.00161
    ],
    [
      87,
      0.00157
    ],
    [
      88,
      0.00164
    ],
    [
      89,
      0.0016
    ],
    [
      90,
      0.00158
    ],
    [
      91,
      0.00159
    ],
    [
      92,
      0.00156
    ],
    [
      93,
      0.00156
    ],
    [
      94,
      0.00154
    ],
    [
      95,
      0.00157
    ],
    [
      96,
      0.00154
    ],
    [
      97,
      0.00153
    ],
    [
      98,
      0.00152
    ],
    [
      99,
      0.00151
    ],
    [
      100,
      0.00151
    ]
  ],
  "lr": [
    [
      1,
      0.001
    ],
    [
      2,
      0.00098
    ],
    [
      3,
      0.00095
    ],
    [
      4,
      0.00093
    ],
    [
      5,
      0.00091
    ],
    [
      6,
      0.00089
    ],
    [
      7,
      0.00087
    ],
    [
      8,
      0.00085
    ],
    [
      9,
      0.00083
    ],
    [
      10,
      0.00081
    ],
    [
      11,
      0.00079
    ],
    [
      12,
      0.00078
    ],
    [
      13,
      0.00076
    ],
    [
      14,
      0.00074
    ],
    [
      15,
      0.00072
    ],
    [
      16,
      0.00071
    ],
    [
      17,
      0.00069
    ],
    [
      18,
      0.00068
    ],
    [
      19,
      0.00066
    ],
    [
      20,
      0.00065
    ],
    [
      21,
      0.00063
    ],
    [
      22,
      0.00062
    ],
    [
      23,
      0.0006
    ],
    [
      24,
      0.00059
    ],
    [
      25,
      0.00058
    ],
    [
      26,
      0.00056
    ],
    [
      27,
      0.00055
    ],
    [
      28,
      0.00054
    ],
    [
      29,
      0.00052
    ],
    [
      30,
      0.00051
    ],
    [
      31,
      0.0005
    ],
    [
      32,
      0.00049
    ],
    [
      33,
      0.00048
    ],
    [
      34,
      0.00047
    ],
    [
      35,
      0.00046
    ],
    [
      36,
      0.00045
    ],
    [
      37,
      0.00044
    ],
    [
      38,
      0.00043
    ],
    [
      39,
      0.00042
    ],
    [
      40,
      0.00041
    ],
    [
      41,
      0.0004
    ],
    [
      42,
      0.00039
    ],
    [
      43,
      0.00038
    ],
    [
      44,
      0.00037
    ],
    [
      45,
      0.00036
    ],
    [
      46,
      0.00035
    ],
    [
      47,
      0.00035
    ],
    [
      48,
      0.00034
    ],
    [
      49,
      0.00033
    ],
    [
      50,
      0.00032
    ],
    [
      51,
      0.00032
    ],
    [
      52,
      0.00031
    ],
    [
      53,
      0.0003
    ],
    [
      54,
      0.0003
    ],
    [
      55,
      0.00029
    ],
    [
      56,
      0.00028
    ],
    [
      57,
      0.00028
    ],
    [
      58,
      0.00027
    ],
    [
      59,
      0.00026
    ],
    [
      60,
      0.00026
    ],
    [
      61,
      0.00025
    ],
    [
      62,
      0.00025
    ],
    [
      63,
      0.00024
    ],
    [
      64,
      0.00023
    ],
    [
      65,
      0.00023
    ],
    [
      66,
      0.00022
    ],
    [
      67,
      0.00022
    ],
    [
      68,
      0.00021
    ],
    [
      69,
      0.00021
    ],
    [
      70,
      0.0002
    ],
    [
      71,
      0.0002
    ],
    [
      72,
      0.00019
    ],
    [
      73,
      0.00019
    ],
    [
      74,
      0.00019
    ],
    [
      75,
      0.00018
    ],
    [
      76,
      0.00018
    ],
    [
      77,
      0.00017
    ],
    [
      78,
      0.00017
    ],
    [
      79,
      0.00017
    ],
    [
      80,
      0.00016
    ],
    [
      81,
      0.00016
    ],
    [
      82,
      0.00015
    ],
    [
      83,
      0.00015
    ],
    [
      84,
      0.00015
    ],
    [
      85,
      0.00014
    ],
    [
      86,
      0.00014
    ],
    [
      87,
      0.00014
    ],
    [
      88,
      0.00013
    ],
    [
      89,
      0.00013
    ],
    [
      90,
      0.00013
    ],
    [
      91,
      0.00013
    ],
    [
      92,
      0.00012
    ],
    [
      93,
      0.00012
    ],
    [
      94,
      0.00012
    ],
    [
      95,
      0.00011
    ],
    [
      96,
      0.00011
    ],
    [
      97,
      0.00011
    ],
    [
      98,
      0.00011
    ],
    [
      99,
      0.0001
    ],
    [
      100,
      0.0001
    ]
  ],
  "val_acc": [
    [
      10,
      0.85436
    ],
    [
      20,
      0.96958
    ],
    [
      30,
      0.96755
    ],
    [
      40,
      0.96755
    ],
    [
      50,
      0.96755
    ],
    [
      60,
      0.96958
    ],
    [
      70,
      0.96755
    ],
    [
      80,
      0.96958
    ],
    [
      90,
      0.96958
    ],
    [
      100,
      0.96958
    ]
  ],
  "val_acc_six": [
    [
      10,
      1.0
    ],
    [
      20,
      1.0
    ],
    [
      30,
      1.0
    ],
    [
      40,
      1.0
    ],
    [
      50,
      1.0
    ],
    [
      60,
      1.0
    ],
    [
      70,
      1.0
    ],
    [
      80,
      1.0
    ],
    [
      90,
      1.0
    ],
    [
      100,
      1.0
    ]
  ],
  "val_acc_seven": [
    [
      10,
      0.90909
    ],
    [
      20,
      1.0
    ],
    [
      30,
      1.0
    ],
    [
      40,
      1.0
    ],
    [
      50,
      1.0
    ],
    [
      60,
      1.0
    ],
    [
      70,
      1.0
    ],
    [
      80,
      1.0
    ],
    [
      90,
      1.0
    ],
    [
      100,
      1.0
    ]
  ],
  "val_acc_two": [
    [
      10,
      0.78788
    ],
    [
      20,
      0.96753
    ],
    [
      30,
      0.96753
    ],
    [
      40,
      0.96753
    ],
    [
      50,
      0.96753
    ],
    [
      60,
      0.96753
    ],
    [
      70,
      0.96753
    ],
    [
      80,
      0.96753
    ],
    [
      90,
      0.96753
    ],
    [
      100,
      0.96753
    ]
  ],
  "val_acc_one": [
    [
      10,
      0.45455
    ],
    [
      20,
      0.90909
    ],
    [
      30,
      0.90909
    ],
    [
      40,
      0.90909
    ],
    [
      50,
      0.90909
    ],
    [
      60,
      0.90909
    ],
    [
      70,
      0.90909
    ],
    [
      80,
      0.90909
    ],
    [
      90,
      0.90909
    ],
    [
      100,
      0.90909
    ]
  ],
  "val_acc_four": [
    [
      10,
      0.89286
    ],
    [
      20,
      0.90909
    ],
    [
      30,
      0.89286
    ],
    [
      40,
      0.89286
    ],
    [
      50,
      0.89286
    ],
    [
      60,
      0.90909
    ],
    [
      70,
      0.89286
    ],
    [
      80,
      0.90909
    ],
    [
      90,
      0.90909
    ],
    [
      100,
      0.90909
    ]
  ],
  "val_acc_eight": [
    [
      10,
      1.0
    ],
    [
      20,
      1.0
    ],
    [
      30,
      1.0
    ],
    [
      40,
      1.0
    ],
    [
      50,
      1.0
    ],
    [
      60,
      1.0
    ],
    [
      70,
      1.0
    ],
    [
      80,
      1.0
    ],
    [
      90,
      1.0
    ],
    [
      100,
      1.0
    ]
  ],
  "val_acc_three": [
    [
      10,
      0.88142
    ],
    [
      20,
      0.97091
    ],
    [
      30,
      0.97091
    ],
    [
      40,
      0.97091
    ],
    [
      50,
      0.97091
    ],
    [
      60,
      0.97091
    ],
    [
      70,
      0.97091
    ],
    [
      80,
      0.97091
    ],
    [
      90,
      0.97091
    ],
    [
      100,
      0.97091
    ]
  ],
  "val_acc_five": [
    [
      10,
      0.90909
    ],
    [
      20,
      1.0
    ],
    [
      30,
      1.0
    ],
    [
      40,
      1.0
    ],
    [
      50,
      1.0
    ],
    [
      60,
      1.0
    ],
    [
      70,
      1.0
    ],
    [
      80,
      1.0
    ],
    [
      90,
      1.0
    ],
    [
      100,
      1.0
    ]
  ],
  "mean": 0,
  "std": 255,
  "label_type": "detection",
  "data_type": "image",
  "labels": [
    "six",
    "seven",
    "two",
    "one",
    "four",
    "eight",
    "three",
    "five"
  ],
  "best_eval": {
    "epoch": 100,
    "val_acc": 0.97,
    "val_info": [
      {
        "name": "55fda0991eb649f488f125fcff109fe2.jpg",
        "nickname": "number_52.jpg",
        "pred": [
          [
            184,
            115,
            223,
            148,
            0.979845404624939,
            0.0
          ],
          [
            4,
            112,
            44,
            141,
            0.9026660323143005,
            1.0
          ],
          [
            50,
            111,
            94,
            144,
            0.888046145439148,
            5.0
          ],
          [
            129,
            115,
            176,
            149,
            0.9564548134803772,
            7.0
          ]
        ],
        "gt": [
          [
            182,
            116,
            223,
            149,
            1.0,
            0.0
          ],
          [
            1,
            114,
            45,
            141,
            1.0,
            1.0
          ],
          [
            49,
            110,
            91,
            141,
            1.0,
            5.0
          ],
          [
            131,
            115,
            177,
            147,
            1.0,
            7.0
          ]
        ],
        "ok": true
      },
      {
        "name": "ca444eaccf64491b8a5fc29816411b84.jpg",
        "nickname": "number_97.jpg",
        "pred": [
          [
            169,
            105,
            210,
            131,
            0.8940486907958984,
            0.0
          ],
          [
            65,
            104,
            98,
            127,
            0.976723849773407,
            4.0
          ],
          [
            20,
            104,
            58,
            126,
            0.9603760242462158,
            6.0
          ],
          [
            125,
            108,
            163,
            131,
            0.8990845680236816,
            7.0
          ]
        ],
        "gt": [
          [
            170,
            107,
            215,
            130,
            1.0,
            0.0
          ],
          [
            67,
            101,
            99,
            128,
            1.0,
            4.0
          ],
          [
            21,
            104,
            60,
            126,
            1.0,
            6.0
          ],
          [
            124,
            109,
            164,
            129,
            1.0,
            7.0
          ]
        ],
        "ok": true
      },
      {
        "name": "4867daa3bf724b038a85835b78f3a449.jpg",
        "nickname": "number_73.jpg",
        "pred": [
          [
            115,
            127,
            174,
            168,
            0.9412556290626526,
            1.0
          ],
          [
            48,
            124,
            92,
            165,
            0.9521247744560242,
            2.0
          ],
          [
            -1,
            125,
            42,
            166,
            0.9199520945549011,
            3.0
          ],
          [
            179,
            127,
            224,
            165,
            0.9246158003807068,
            5.0
          ]
        ],
        "gt": [
          [
            118,
            123,
            164,
            165,
            1.0,
            1.0
          ],
          [
            46,
            129,
            97,
            162,
            1.0,
            2.0
          ],
          [
            1,
            129,
            35,
            162,
            1.0,
            3.0
          ],
          [
            178,
            125,
            223,
            164,
            1.0,
            5.0
          ]
        ],
        "ok": true
      },
      {
        "name": "e7dd80aafa6b43c594bb7ce943f7116d.jpg",
        "nickname": "number_00156.jpg",
        "pred": [
          [
            27,
            137,
            117,
            196,
            0.9070883393287659,
            4.0
          ],
          [
            124,
            136,
            200,
            200,
            0.9365944862365723,
            6.0
          ]
        ],
        "gt": [
          [
            33,
            135,
            116,
            195,
            1.0,
            4.0
          ],
          [
            123,
            136,
            199,
            200,
            1.0,
            4.0
          ]
        ],
        "ok": false
      },
      {
        "name": "beb3cc0c9c904e9c8a3b7ef6991836d3.jpg",
        "nickname": "number1_126.jpg",
        "pred": [
          [
            41,
            3,
            112,
            104,
            0.9284868836402893,
            2.0
          ]
        ],
        "gt": [
          [
            43,
            2,
            110,
            106,
            1.0,
            3.0
          ]
        ],
        "ok": false
      }
    ]
  }
}